{
  "_version": 2,
  "uiVersion": 0,
  "x": 0.3020833333333333,
  "y": 0.3888888888888889,
  "width": 818.0,
  "height": 508.0,
  "theme": "#ff0000",
  "titleTransparent": false,
  "backgroundType": "CUSTOM",
  "bgpath": ".hmcl\\2025-11-14_19.56.55.png",
  "bgImageOpacity": 100,
  "versionListSource": "mirror",
  "authlibInjectorServers": [
    {
      "url": "https://littleskin.cn/api/yggdrasil/",
      "metadataResponse": "{\"meta\":{\"serverName\":\"LittleSkin\",\"implementationName\":\"Yggdrasil Connect\",\"implementationVersion\":\"0.0.7\",\"links\":{\"announcement\":\"https://littleskin.cn/api/announcements\",\"homepage\":\"https://littleskin.cn\",\"register\":\"https://littleskin.cn/auth/register\"},\"feature.no_email_login\":true,\"feature.openid_configuration_url\":\"https://open.littleskin.cn/.well-known/openid-configuration\"},\"skinDomains\":[\"littleskin.cn\"],\"signaturePublickey\":\"-----BEGIN PUBLIC KEY-----\\nMIICIjANBgkqhkiG9w0BAQEFAAOCAg8AMIICCgKCAgEArGcNOOFIqLJSqoE3u0hj\\ntOEnOcET3wj9Drss1BE6sBqgPo0bMulOULhqjkc/uH/wyosYnzw3xaazJt87jTHh\\nJ8BPMxCeQMoyEdRoS3Jnj1G0Kezj4A2b61PJJM1DpvDAcqQBYsrSdpBJ+52MjoGS\\nvJoeQO5XUlJVQm21/HmJnqsPhzcA6HgY71RHYE5xnhpWJiPxLKUPtmt6CNYUQQoS\\no2v36XWgMmLBZhAbNOPxYX+1ioxKamjhLO29UhwtgY9U6PWEO7/SBfXzyRPTzhPV\\n2nHq7KJqd8IIrltslv6i/4FEM81ivS/mm+PN3hYlIYK6z6Ymii1nrQAplsJ67OGq\\nYHtWKOvpfTzOollugsRihkAG4OB6hM0Pr45jjC3TIc7eO7kOgIcGUGUQGuuugDEz\\nJ1N9FFWnN/H6P9ukFeg5SmGC5+wmUPZZCtNBLr8o8sI5H7QhK7NgwCaGFoYuiAGL\\ngz3k/3YwJ40BbwQayQ2gIqenz+XOFIAlajv+/nyfcDvZH9vGNKP9lVcHXUT5YRnS\\nZSHo5lwvVrYUrqEAbh/zDz8QMEyiujWvUkPhZs9fh6fimUGxtm8mFIPCtPJVXjeY\\nwD3Lvt3aIB1JHdUTJR3eEc4eIaTKMwMPyJRzVn5zKsitaZz3nn/cOA/wZC9oqyEU\\nmc9h6ZMRTRUEE4TtaJyg9lMCAwEAAQ\u003d\u003d\\n-----END PUBLIC KEY-----\\n\"}",
      "metadataTimestamp": 1764749054030
    }
  ],
  "addedLittleSkin": true,
  "preferredLoginType": "offline",
  "last": "Default",
  "configurations": {
    "Default": {
      "global": {
        "usesGlobal": true,
        "javaArgs": "",
        "minecraftArgs": "",
        "environmentVariables": "",
        "maxMemory": 8192,
        "autoMemory": true,
        "permSize": "",
        "width": 854,
        "height": 480,
        "javaDir": "",
        "precalledCommand": "",
        "postExitCommand": "",
        "serverIp": "",
        "wrapper": "",
        "fullscreen": false,
        "noJVMArgs": false,
        "noOptimizingJVMArgs": false,
        "notCheckGame": false,
        "notCheckJVM": false,
        "notPatchNatives": false,
        "showLogs": false,
        "gameDir": "",
        "launcherVisibility": 1,
        "processPriority": 2,
        "useNativeGLFW": false,
        "useNativeOpenAL": false,
        "gameDirType": 0,
        "defaultJavaPath": "",
        "nativesDir": "",
        "nativesDirType": 0,
        "versionIcon": 0,
        "javaVersionType": "AUTO",
        "java": "Auto",
        "renderer": "DEFAULT"
      },
      "gameDir": ".minecraft",
      "useRelativePath": true,
      "selectedMinecraftVersion": "ProjectIV"
    }
  }
}